{
    "Title": "Unknown Caller",
    "Credits": "Created by Hengyang Ye",
    "InitialLocation": "Room",
    "Locations": {
        "Room": {
            "Body": "In a trance, you heard some strange murmurings. [Go back to sleep] or [Wake Up].",
            "Choices": [
                {
                    "Text": "Go back to sleep",
                    "Target": "Go back to sleep"
                },
                {
                    "Text": "Wake Up",
                    "Target": "Wake up"
                }
            ]
        },
        "Go back to sleep": {
            "Body": "You still believing you were just dreaming, then you fall into a deep sleep, but the whisper in your ear grows fuzzy.",
            "Choices": [
                {
                    "Text": "Back",
                    "Target": "Room"
                }
            ]
        },
        "Wake up": {
            "Body": "You slowly open your eyes to find yourself lying in a strange bed... There is a little index card on the table. What's on the Card?",
            "Choices": [
                {
                    "Text": "What's on the Card?",
                    "Target": "What's on the Card?"
                }
            ]
        },
        "What's on the Card?": {
            "Body": "Welcome to this world. Here you will face a series of challenges and adventures. You will need to discover the secrets of this world and grow and improve your abilities in the process. Your journey has just begun, good luck.",
            "Choices": [
                {
                    "Text": "Walking out of the room",
                    "Target": "Walking out of the room"
                }
            ]
        },
        "Walking out of the room": {
            "Body": "You try to open the door with the rusty key you found in a wooden box, but it's locked.",
            "Choices": [
                {
                    "Text": "Keep Going",
                    "Target": "Keep Going"
                },
                {
                    "Text": "Go Back to Room",
                    "Target": "Go back to sleep"
                }
            ]
        },
        "Keep Going": {
            "Body": "You keep walking along the corridor and discover an office with scattered papers and an old typewriter.",
            "Choices": [
                {
                    "Text": "Searching for Gems",
                    "Target": "Searching for Gems"
                },
                {
                    "Text": "Leave",
                    "Target": "Leave"
                }
            ]
        },
        "Searching for Gems": {
            "Body": "You find three gems placed atop boulders, as per the instructions on a note you found earlier.",
            "Choices": [
                {
                    "Text": "Follow your heart.",
                    "Target": "Follow your heart."
                },
                {
                    "Text": "Turn Back",
                    "Target": "Turn Back"
                },
                {
                    "Text": "Turn Right",
                    "Target": "Turn Right"
                },
                {
                    "Text": "Turn Left",
                    "Target": "Turn Left"
                }
            ]
        },
        "Turn Back": {
            "Body": "You look back towards the other end of the corridor and realize that there is no other exit there either, just a closed door. You decide to turn around and continue on.",
            "Choices": [
                {
                "Text": "Back to hallway",
                "Target": "Searching for Gems"
                }
            ]
        },
        "Turn Right": {
            "Body": "You turn right and walk forward a short distance to find that the path ends in a wall, and you can't figure out the point of the creators designing this passage at all, so you walk back.",
            "Choices": [
                {      
                    "Text": "Back to hallway",
                    "Target": "Searching for Gems"
                }
            ]

        },
        "Turn Left": {
            "Body": "You turn left and smell a very intoxicating aroma and you gradually lose yourself ....... End (Sinking)",
            "Choices": [
                {
                    "Text": "Restart",
                    "Target": "Room"
                },
                {
                    "Text": "Back to hallway",
                    "Target": "Searching for Gems"
                }
            ]
        },
        "Leave": {
            "Body": "You feel a wave of dizziness and fall into a trance, hearing whispers that you cannot understand. When you wake up you are lying in a hospital bed, you pull back the curtains and you realize that you can look straight into the sun, which seems to have a small black dot in the middle of it, and then you fall into a coma again .......  END (The Coward)",
            "Choices": [
                {
                    "Text": "Back",
                    "Target": "Keep Going"
                }
            ]
        },
        "Follow your heart.": {
            "Body": "Your journey through the corridors leads you to a gleaming metal box adorned with rubies.",
            "Choices": [
                {
                    "Text": "Keep Searching",
                    "Target": "Keep Searching"
                }
            ]
        },
        "Keep Searching": {
            "Body": "You continue your search and stumble upon a narrow passage with ancient runes and a glowing orb.",
            "Choices": [
                {
                    "Text": "Light the torches",
                    "Target": "Light the torches"
                }
            ]
        },
        "Light the torches": {
            "Body": "The torches illuminate the passage, revealing a second gem. A strange sound is heard.",
            "Choices": [
                {
                    "Text": "Investigate the sound",
                    "Target": "Investigative voice"
                }
            ]
        },
        "Investigative voice": {
            "Body": "The voice leads you to a barrier that you cannot break through without understanding the runes.",
            "Choices": [
                {
                    "Text": "Examine the runes carefully",
                    "Target": "Examine the runes carefully"
                }
            ]
        },
        "Examine the runes carefully": {
            "Body": "The runes seem to represent a story or belief that might help in breaking the barrier.",
            "Choices": [
                {
                    "Text": "Decipher",
                    "Target": "Decipher"
                }
            ]
        },
        "Decipher": {
            "Body": "You attempt to decipher the mysterious runes, hoping it reveals a way to progress.",
            "Choices": [
                {
                    "Text": "End the journey",
                    "Target": "End"
                }
            ]
        },
        "End": {
            "Body": "With the runes deciphered, the barrier vanishes, revealing a path forward to unknown adventures."
        }
    }
}
