{
    "Title": "Unknown Caller",
    "Credits": "Created by Hengyang Ye",
    "InitialLocation": "Room",
    "Locations": {
        "Room": {
            "Body": "In a trance, you heard some strange murmurings. [Go back to sleep] or [Wake Up].",
            "Choices": [
                {
                    "Text": "Go back to sleep",
                    "Target": "Go back to sleep"
                },
                {
                    "Text": "Wake Up",
                    "Target": "Wake up"
                }
            ]
        },
        "Go back to sleep": {
            "Body": "You still believing you were just dreaming, then you fall into a deep sleep, but the whisper in your ear grows fuzzy.",
            "Choices": [
                {
                    "Text": "Back",
                    "Target": "Room"
                }
            ]
        },
        "Wake up": {
            "Body": "You slowly open your eyes to find yourself lying in a strange bed... There is a little index card on the table. What's on the Card?",
            "Choices": [
                {
                    "Text": "What's on the Card?",
                    "Target": "What's on the Card?"
                }
            ]
        },
        "What's on the Card?": {
            "Body": "Welcome to this world. Here you will face a series of challenges and adventures. You will need to discover the secrets of this world and grow and improve your abilities in the process. Your journey has just begun, good luck.",
            "Choices": [
                {
                    "Text": "Walking out of the room",
                    "Target": "Walking out of the room"
                }
            ]
        },
        "Walking out of the room": {
            "Body": "You try to open the door, but it is locked. You look around and notice a small wooden box in a corner of the room. You walk over and open it and find a rusty key inside. You pick up the key and walk back to the door to try and open the lock with it. After a few tries, you finally hear a noise and the lock opens. You open the door and see a narrow corridor with gray stone walls on both sides.",
            "Choices": [
                {
                    "Text": "Keep Going",
                    "Target": "Keep Going"
                },
                {
                    "Text": "Go Back to Room",
                    "Target": "Go back to sleep"
                }
            ]
        },
        "Keep Going": {
            "Body": "You keep walking along the corridor, and as the corridor curves, you notice a door half-open, letting in a bit of light. You approach the door and realize that it appears to be an office inside. There are some papers scattered on a desk, and an old typewriter and radio sits quietly on one side. At the other end of the room, there is a closed door. You find a note on the desk that reads\uff1a In order to move forward, complete the following task: Find the three gems in this world and place them on top of the three boulders. You will receive your next clue upon completion of the task.",
            "Choices": [
                {
                    "Text": "Searching for Gems",
                    "Target": "Searching for Gems"
                },
                {
                    "Text": "Leave",
                    "Target": "Leave"
                },
                {
                    "Text": "Try turning on the radio.",
                    "Target": "Radio Interaction"
                }
            ]
        },
        "Searching for Gems": {
            "Body": "You find three gems placed atop boulders, as per the instructions on a note you found earlier.",
            "Choices": [
                {
                    "Text": "Follow your heart.",
                    "Target": "Follow your heart."
                },
                {
                    "Text": "Turn Back",
                    "Target": "Turn Back"
                },
                {
                    "Text": "Turn Right",
                    "Target": "Turn Right"
                },
                {
                    "Text": "Turn Left",
                    "Target": "Turn Left"
                }
            ]
        },
        "Turn Back": {
            "Body": "You look back towards the other end of the corridor and realize that there is no other exit there either, just a closed door. You decide to turn around and continue on.",
            "Choices": [
                {
                    "Text": "Back to hallway",
                    "Target": "Searching for Gems"
                }
            ]
        },
        "Turn Right": {
            "Body": "You turn right and walk forward a short distance to find that the path ends in a wall, and you can't figure out the point of the creators designing this passage at all, so you walk back.",
            "Choices": [
                {
                    "Text": "Back to hallway",
                    "Target": "Searching for Gems"
                }
            ]
        },
        "Turn Left": {
            "Body": "You turn left and smell a very intoxicating aroma and you gradually lose yourself ....... End (Sinking)",
            "Choices": [
                {
                    "Text": "Restart",
                    "Target": "Room"
                },
                {
                    "Text": "Back to hallway",
                    "Target": "Searching for Gems"
                }
            ]
        },
        "Leave": {
            "Body": "You feel a wave of dizziness and fall into a trance, hearing whispers that you cannot understand. When you wake up you are lying in a hospital bed, you pull back the curtains and you realize that you can look straight into the sun, which seems to have a small black dot in the middle of it, and then you fall into a coma again .......  END (The Coward)",
            "Choices": [
                {
                    "Text": "Back",
                    "Target": "Keep Going"
                }
            ]
        },
        "Follow your heart.": {
            "Body": "Your journey through the corridors leads you to a gleaming metal box adorned with rubies.",
            "Choices": [
                {
                    "Text": "Keep Searching",
                    "Target": "Keep Searching"
                }
            ]
        },
        "Keep Searching": {
            "Body": "You continue your search and stumble upon a dilapidated and ancient library that seems to have appeared out of nowhere, and you don't think it was originally here.",
            "Choices": [
                {
                    "Text": "Get in to the Library",
                    "Target": "Ancient Library"
                },
                {
                    "Text": "Ignore the library and keep moving forward with your eyes closed.",
                    "Target": "Grab the torches"
                }
            ]
        },
        "Grab the torches": {
            "Body": "You ignore the library and continue on, as you walk you see a torch and you choose to pick it up. So you raise the torch, You suddenly hear some strange noises up ahead.",
            "Choices": [
                {
                    "Text": "Investigate the sound",
                    "Target": "Investigative voice"
                }
            ]
        },
        "Light the torches": {
            "Body": "As you pick up the Key, everything around you changes, you're back in the passageway you were in before you entered, you don't know what happened, and you don't want to know. So you raise the torch, You suddenly hear some strange noises up ahead.",
            "Choices": [
                {
                    "Text": "Investigate the sound",
                    "Target": "Investigative voice"
                }
            ]
        },
        "Ancient Library": {
            "Body": "The room is lined with dusty bookshelves, a glint catches your eye from a small wooden box on a lower shelf.",
            "Choices": [
                {
                    "Text": "Open the box",
                    "Target": "Find the Key"
                }
            ]
        },
        "Find the Key": {
            "Body": "Inside the box, you find a beautifully wood crafted Key.",
            "Choices": [
                {
                    "Text": "Take the key",
                    "Target": "Light the torches",
                    "AwardItem": "Ancient Key"
                }
            ]
        },
        "Investigative voice": {
            "Body": "The voice leads you to a barrier that you cannot break through without understanding the runes.",
            "Choices": [
                {
                    "Text": "Examine the runes carefully",
                    "Target": "Examine the runes carefully"
                }
            ]
        },
        "Examine the runes carefully": {
            "Body": "The runes seem to represent a story or belief that might help in breaking the barrier.",
            "Choices": [
                {
                    "Text": "Decipher",
                    "Target": "Decipher"
                }
            ]
        },
        "Secret Path to Key": {
            "Body": "Realizing you lack the necessary key, so you close your eyes and begin to meditate, then your mind enters a mysterious room, and for some reason you feel like you're back in the library you ignored before.",
            "Choices": [
                {
                    "Text": "Explore the hidden chamber",
                    "Target": "Hidden Chamber"
                }
            ]
        },
        "Hidden Chamber": {
            "Body": "In the dim light, you spot a dusty old chest in the corner of the chamber.",
            "Choices": [
                {
                    "Text": "Open the chest",
                    "Target": "Find the hidden Key"
                }
            ]
        },
        "Find the hidden Key": {
            "Body": "Inside the chest, you find a beautifully crafted Ancient Key.",
            "Choices": [
                {
                    "Text": "Take the key",
                    "Target": "Decipher",
                    "AwardItem": "Ancient Key"
                }
            ]
        },
        "Decipher": {
            "Body": "You attempt to decipher the mysterious runes, hoping it reveals a way to progress. A locked door with a Key pedestal stands in your way.",
            "Choices": [
                {
                    "Text": "Use the Key to open the gate",
                    "Target": "End",
                    "RequiredItem": "Ancient Key"
                },
                {
                    "Text": "Search for another way around",
                    "Target": "Secret Path to Key"
                }
            ]
        },
        "Radio Interaction": {
            "Body": "You flick the switch on the radio. It crackles to life, emitting a series of strange and eerie broadcasts.",
            "Choices": [
                {
                    "Text": "Listen to the first channel",
                    "Target": "First Channel Message"
                },
                {
                    "Text": "Scan for another channel",
                    "Target": "Second Channel Message"
                },
                {
                    "Text": "Turn off the radio",
                    "Target": "Office with scattered papers"
                }
            ]
        },
        "First Channel Message": {
            "Body": "The voice speaks of hidden secrets beneath the floorboards.",
            "Choices": [
                {
                    "Text": "Investigate the floorboards",
                    "Target": "Secret Under Floorboards"
                },
                {
                    "Text": "Ignore and turn off the radio",
                    "Target": "Office with scattered papers"
                }
            ]
        },
        "Secret Under Floorboards": {
            "Body": "You try to lift the floor, but what you don't expect is that there is nothing but nothingness underneath the floor, and when you try to move your eyes, you realize that there is no way for you to move, and gradually you get lost ......... (END) Curiosity killed the cat",
            "Choices": [
                {
                    "Text": "Back to Room",
                    "Target": "Keep Going"
                }
            ]
        },
        "Second Channel Message": {
            "Body": "Static prevails for a moment, then an eerie melody plays, reminiscent of a forgotten past.",
            "Choices": [
                {
                    "Text": "Feel the nostalgia then turn off the radio",
                    "Target": "Office with scattered papers"
                },
                {
                    "Text": "Turn off the radio",
                    "Target": "Office with scattered papers"
                }
            ]
        },
        "Office with scattered papers": {
            "Body": "You discover an office cluttered with papers and an old typewriter. On a shelf lies an old radio, humming quietly.",
            "Choices": [
                {
                    "Text": "Turn on the radio",
                    "Target": "Radio Interaction"
                },
                {
                    "Text": "Search the Room",
                    "Target": "Searching for Gems"
                },
                {
                    "Text": "Leave",
                    "Target": "Leave"
                }
            ]
        },
        "End": {
            "Body": "As you insert the key into the base, a stone door opens in front of your door. You feel the air fresh. You see sunlight pouring through the leaves and hear birds singing in the distant forest. You begin to feel like you have left a claustrophobic place and stepped into a beautiful world."
        }
    }
}